{
    "kmeans_random": {
        "convergence": [
            489252.6875,
            382174.75,
            376911.6875,
            374938.15625,
            373866.0625,
            373250.25,
            372868.25,
            372623.4375,
            372458.875,
            372340.65625,
            372246.0625,
            372169.875,
            372109.8125,
            372065.65625,
            372031.125,
            372004.75,
            371981.0625,
            371959.625,
            371937.5,
            371909.6875,
            371877.71875,
            371839.03125,
            371794.875,
            371742.5,
            371675.25,
            371615.84375,
            371564.46875,
            371515.1875,
            371464.84375,
            371419.84375,
            371386.625,
            371359.125,
            371333.625,
            371307.5625,
            371283.875,
            371265.4375,
            371254.25,
            371252.875,
            371255.8125,
            371258.75,
            371260.625,
            371262.28125,
            371264.0,
            371264.9375,
            371265.59375,
            371266.28125,
            371266.25,
            371266.4375,
            371267.0,
            371267.25,
            371267.78125,
            371268.40625,
            371269.0625,
            371269.1875,
            371269.25,
            371269.4375,
            371269.8125,
            371269.8125,
            371269.8125,
            371269.75,
            371269.90625
        ],
        "train_acc": 0.5555166666666667,
        "test_acc": 0.5595,
        "train_time": 12.785669088363647
    },
    "kmeans_kmeans++": {
        "convergence": [
            484263.3125,
            382933.5625,
            377739.75,
            375777.0625,
            374684.0625,
            373791.8125,
            373052.125,
            372536.5,
            372219.0625,
            371998.5625,
            371855.125,
            371764.375,
            371700.625,
            371657.125,
            371625.25,
            371603.875,
            371585.5625,
            371567.25,
            371556.28125,
            371551.25,
            371550.46875,
            371553.875,
            371557.6875,
            371560.78125,
            371565.0625,
            371569.40625,
            371571.4375,
            371572.8125,
            371573.9375,
            371574.40625,
            371574.96875,
            371575.5,
            371575.9375,
            371576.375,
            371576.71875,
            371577.15625,
            371577.625,
            371577.84375,
            371578.0625,
            371578.40625,
            371578.5,
            371578.875,
            371579.125,
            371579.46875,
            371579.59375,
            371579.625,
            371579.6875,
            371579.625
        ],
        "train_acc": 0.5990833333333333,
        "test_acc": 0.6015,
        "train_time": 12.327189922332764
    },
    "gmm_spherical_random": {
        "convergence": [
            30.955184936523438,
            50.408409118652344,
            58.32186508178711,
            62.17970657348633,
            64.54891967773438,
            66.23104095458984,
            67.47770690917969,
            68.46002960205078,
            69.1292724609375,
            69.48233032226562,
            69.68026733398438,
            69.80989074707031,
            69.91915893554688,
            70.01497650146484,
            70.10304260253906,
            70.18274688720703,
            70.26400756835938,
            70.36643981933594,
            70.48480224609375,
            70.6172103881836,
            70.76782989501953,
            70.94635772705078,
            71.17179107666016,
            71.48058319091797,
            71.87163543701172,
            72.330810546875,
            72.92745208740234,
            73.66507720947266,
            74.45304870605469,
            75.30139923095703,
            76.2115249633789,
            77.01480102539062,
            77.49348449707031,
            77.7927017211914,
            77.96388244628906,
            78.04486846923828,
            78.08680725097656,
            78.11241912841797,
            78.12671661376953,
            78.13251495361328,
            78.13591003417969,
            78.13789367675781,
            78.13897705078125,
            78.13948059082031,
            78.13981628417969,
            78.14000701904297,
            78.14018249511719,
            78.14029693603516,
            78.14033508300781,
            78.14046478271484,
            78.14053344726562,
            78.14054870605469,
            78.1406021118164,
            78.14065551757812,
            78.14065551757812
        ],
        "train_acc": 0.54725,
        "test_acc": 0.5474,
        "train_time": 60.959612131118774
    },